-- TFC Marine OS v1.0-alpha seed data
insert into profiles (id,user_name,phone,city,credit_score,trip_count,role) values
('00000000-0000-0000-0000-000000000001','阿涛路亚','13810000001','青岛',96,18,'angler'),
('00000000-0000-0000-0000-000000000002','SlowJig王','13810000002','青岛',92,32,'angler'),
('00000000-0000-0000-0000-000000000003','老张船长','13800000001','青岛',99,326,'captain'),
('00000000-0000-0000-0000-000000000004','阿军船长','13800000002','青岛',97,218,'captain');

insert into ports (id,name,city,address) values
('10000000-0000-0000-0000-000000000001','积米崖码头','青岛','黄岛区积米崖'),
('10000000-0000-0000-0000-000000000002','沙子口码头','青岛','崂山区沙子口'),
('10000000-0000-0000-0000-000000000003','灵山卫码头','青岛','西海岸新区灵山卫'),
('10000000-0000-0000-0000-000000000004','仰口码头','青岛','崂山区仰口');

insert into fish_species (name_cn,name_en,season,technique) values
('蓝点马鲛','Spanish mackerel','5-10月','快抽铁板 / 米诺'),
('黄条鰤','Yellowtail amberjack','6-11月','铁板 / 慢摇'),
('真鲷','Red seabream','4-11月','慢摇 / 鯛拉巴'),
('海鲈','Seabass','4-10月','米诺 / 铅笔 / 铁板'),
('黑头','Rockfish','全年','软饵 / 慢摇');

insert into captains (id,profile_id,name,phone,level,rating,verified,trip_count) values
('20000000-0000-0000-0000-000000000001','00000000-0000-0000-0000-000000000003','老张船长','13800000001','五星船长',4.9,true,326),
('20000000-0000-0000-0000-000000000002','00000000-0000-0000-0000-000000000004','阿军船长','13800000002','外海专家',4.8,true,218);

insert into boats (id,captain_id,name,capacity,length,horsepower,equipment) values
('30000000-0000-0000-0000-000000000001','20000000-0000-0000-0000-000000000001','海钓一号',8,9.6,300,array['救生衣','探鱼器','冰箱','卫生间']),
('30000000-0000-0000-0000-000000000002','20000000-0000-0000-0000-000000000002','蓝鲸号',10,11.2,500,array['雷达','探鱼器','活水仓','钓竿架']);

insert into trips (id,boat_id,captain_id,port_id,title,date,start_time,end_time,sea_area,price,total_seats,booked_seats,target_fish,status,note) values
('40000000-0000-0000-0000-000000000001','30000000-0000-0000-0000-000000000001','20000000-0000-0000-0000-000000000001','10000000-0000-0000-0000-000000000001','灵山岛外海铁板航次','2026-06-28','06:00','14:00','灵山岛外海',500,8,5,array['蓝点马鲛','黄条鰤','真鲷'],'open','近海铁板航次，适合有基础的路亚玩家。'),
('40000000-0000-0000-0000-000000000002','30000000-0000-0000-0000-000000000002','20000000-0000-0000-0000-000000000002','10000000-0000-0000-0000-000000000002','崂山外海慢摇体验','2026-06-29','05:30','15:30','崂山外海礁区',680,10,8,array['真鲷','黑头','海鲈'],'open','慢摇为主，视鱼情切换铁板。');

insert into sea_conditions (trip_id,wind_level,wave_height,tide,water_temp,fishing_index) values
('40000000-0000-0000-0000-000000000001','4级','0.6m','中潮','22℃',5),
('40000000-0000-0000-0000-000000000002','3-4级','0.8m','大潮','21℃',4);

insert into bookings (trip_id,user_id,user_name,phone,people,amount,status,note) values
('40000000-0000-0000-0000-000000000001','00000000-0000-0000-0000-000000000001','阿涛路亚','13810000001',1,500,'paid','自带铁板竿'),
('40000000-0000-0000-0000-000000000002','00000000-0000-0000-0000-000000000002','SlowJig王','13810000002',2,1360,'pending','需要确认停车位置');

insert into reviews (trip_id,user_id,rating,content) values
('40000000-0000-0000-0000-000000000001','00000000-0000-0000-0000-000000000001',5,'船长很负责，鱼情也不错。');

insert into notifications (user_id,title,content) values
('00000000-0000-0000-0000-000000000001','报名成功','你的灵山岛外海铁板航次报名成功。');
